{
  "student": [
    {
      "id": "122",
      "studentName": "sagar",
      "studentDomain": "ghh"
    },
    {
      "id": "123",
      "studentName": "sagar p",
      "studentDomain": "ecommerce"
    },
    {
      "id": "25",
      "studentName": "sagar s p ",
      "studentDomain": "jiojoi"
    },
    {
      "id": "568",
      "studentName": "Koel",
      "studentDomain": "FSE"
    },
    {
      "id": "856",
      "studentName": "alex",
      "studentDomain": "trainer"
    },
    {
      "id": "888",
      "studentName": "Mahesh",
      "studentDomain": "BE"
    }
  ]
}